insert into product(product_id,media,price,product_title,number_of_products)values(1,"cd",50.56,"deluxe",5);
insert into product(product_id,media,price,product_title,number_of_products)values(2,"dvd",35.5,"so good",10);
insert into product(product_id,media,price,product_title,number_of_products)values(3,"record",20,"climate Mix",12);
insert into product(product_id,media,price,product_title,number_of_products)values(4,"tape",50,"machine Love",10);
insert into product(product_id,media,price,product_title,number_of_products)values(5,"cd",40,"musical March",9);
insert into product(product_id,media,price,product_title,number_of_products)values(6,"cd",35,"Logan",6);
insert into product(product_id,media,price,product_title,number_of_products)values(7,"tape",25.589,"future Songs",12);
insert into product(product_id,media,price,product_title,number_of_products)values(8,"dvd",50,"commando2",20);
insert into product(product_id,media,price,product_title,number_of_products)values(9,"dvd",55,"star Boy",4);
insert into product(product_id,media,price,product_title,number_of_products)values(10,"record",30.34,"fifty Shades",13);
insert into product(product_id,media,price,product_title,number_of_products)values(11,"record",25,"glory Days",20);
insert into product(product_id,media,price,product_title,number_of_products)values(12,"record",45.455,"blue and lonesome",14);
insert into product(product_id,media,price,product_title,number_of_products)values(13,"dvd",40.02,"Hard Wired",3);
insert into product(product_id,media,price,product_title,number_of_products)values(14,"tape",55,"Irada",10);
insert into product(product_id,media,price,product_title,number_of_products)values(15,"cd",60,"unplugged",6);
insert into product(product_id,media,price,product_title,number_of_products)values(16,"cd",50,"Force3",17);
insert into product(product_id,media,price,product_title,number_of_products)values(17,"dvd",65.5,"The fall of a rebel",15);
insert into product(product_id,media,price,product_title,number_of_products)values(18,"record",30,"Dance all night",13);
insert into product(product_id,media,price,product_title,number_of_products)values(19,"tape",45,"Lady wood",8);
insert into product(product_id,media,price,product_title,number_of_products)values(20,"dvd",55,"Walls",10);
insert into product(product_id,media,price,product_title,number_of_products)values(21,"record",100,"Alone",12);
insert into product(product_id,media,price,product_title,number_of_products)values(22,"dvd",100,"let me go",2);
insert into product(product_id,media,price,product_title,number_of_products)values(23,"cd",111,"down",14);
insert into product(product_id,media,price,product_title,number_of_products)values(24,"record",35.345,"shape of you",20);
insert into product(product_id,media,price,product_title,number_of_products)values(25,"dvd",79.33,"fadded",14);
insert into product(product_id,media,price,product_title,number_of_products)values(26,"cd",82.485,"lightning",18);
insert into product(product_id,media,price,product_title,number_of_products)values(27,"dvd",38,"high way",20);
insert into product(product_id,media,price,product_title,number_of_products)values(28,"dvd",67.425,"i got you",17);
insert into product(product_id,media,price,product_title,number_of_products)values(29,"record",59,"fast and furious",19);
insert into product(product_id,media,price,product_title,number_of_products)values(30,"cd",60.505,"avengers",16);

insert into customer_order(order_id,order_date,filled)values(101,"2016/12/30",1);
insert into customer_order(order_id,order_date,filled)values(102,"2016/12/30",1);
insert into customer_order(order_id,order_date,filled)values(103,"2016/12/30",1);
insert into customer_order(order_id,order_date,filled)values(104,"2016/12/30",1);
insert into customer_order(order_id,order_date,filled)values(105,"2004/01/25",1);
insert into customer_order(order_id,order_date,filled)values(106,"2003/04/16",1);
insert into customer_order(order_id,order_date,filled)values(107,"2000/03/21",1);
insert into customer_order(order_id,order_date,filled)values(108,"1996/12/18",1);
insert into customer_order(order_id,order_date,filled)values(109,"2015/04/24",1);
insert into customer_order(order_id,order_date,filled)values(200,"2013/06/30",1);
insert into customer_order(order_id,order_date,filled)values(201,"2016/02/29",1);
insert into customer_order(order_id,order_date,filled)values(202,"2017/03/18",1);
insert into customer_order(order_id,order_date,filled)values(203,"2008/02/28",1);
insert into customer_order(order_id,order_date,filled)values(204,"2003/07/29",1);
insert into customer_order(order_id,order_date,filled)values(205,"1997/07/23",1);
insert into customer_order(order_id,order_date,filled)values(206,"2001/08/12",1);
insert into customer_order(order_id,order_date,filled)values(207,"2013/12/31",1);
insert into customer_order(order_id,order_date,filled)values(208,"2011/01/21",1);
insert into customer_order(order_id,order_date,filled)values(209,"1999/05/05",1);
insert into customer_order(order_id,order_date,filled)values(300,"2012/07/01",1);
insert into customer_order(order_id,order_date,filled)values(301,"2010/04/17",1);
insert into customer_order(order_id,order_date,filled)values(302,"2001/03/15",1);
insert into customer_order(order_id,order_date,filled)values(303,"2006/05/27",1);
insert into customer_order(order_id,order_date,filled)values(304,"2011/12/30",1);
insert into customer_order(order_id,order_date,filled)values(305,"1999/10/13",1);



insert into lists(product_id,order_id)values(1,101);
insert into lists(product_id,order_id)values(2,102);
insert into lists(product_id,order_id)values(3,103);
insert into lists(product_id,order_id)values(4,104);
insert into lists(product_id,order_id)values(5,105);
insert into lists(product_id,order_id)values(6,106);
insert into lists(product_id,order_id)values(7,107);
insert into lists(product_id,order_id)values(8,108);
insert into lists(product_id,order_id)values(9,109);
insert into lists(product_id,order_id)values(10,200);
insert into lists(product_id,order_id)values(11,201);
insert into lists(product_id,order_id)values(12,202);
insert into lists(product_id,order_id)values(13,203);
insert into lists(product_id,order_id)values(14,204);
insert into lists(product_id,order_id)values(15,205);
insert into lists(product_id,order_id)values(16,206);
insert into lists(product_id,order_id)values(17,207);
insert into lists(product_id,order_id)values(18,208);
insert into lists(product_id,order_id)values(19,209);
insert into lists(product_id,order_id)values(20,300);
insert into lists(product_id,order_id)values(21,301);
insert into lists(product_id,order_id)values(22,302);
insert into lists(product_id,order_id)values(23,303);
insert into lists(product_id,order_id)values(24,304);
insert into lists(product_id,order_id)values(25,305);
insert into lists(product_id,order_id)values(26,108);
insert into lists(product_id,order_id)values(27,201);
insert into lists(product_id,order_id)values(28,304);
insert into lists(product_id,order_id)values(29,205);
insert into lists(product_id,order_id)values(30,103);



